{"cameraMode":{"drawMode":0,"name":"Shaded","section":"Shading Mode"},"sceneLighting":true,"audioPlay":false,"sceneViewState":{"m_AlwaysRefresh":false,"showFog":true,"showSkybox":true,"showFlares":true,"showImageEffects":true,"showParticleSystems":true,"showVisualEffectGraphs":true,"m_FxEnabled":true},"in2DMode":false,"pivot":{"x":22.14282989501953,"y":0.08075928688049317,"z":1.0449752807617188},"rotation":{"x":0.0983407124876976,"y":-0.6765246987342835,"z":0.09188958257436753,"w":0.7240185141563416},"size":2.5791139602661135,"orthographic":false}