{"cameraMode":{"drawMode":0,"name":"Shaded","section":"Shading Mode"},"sceneLighting":true,"audioPlay":false,"sceneViewState":{"m_AlwaysRefresh":false,"showFog":true,"showSkybox":true,"showFlares":true,"showImageEffects":true,"showParticleSystems":true,"showVisualEffectGraphs":true,"m_FxEnabled":true},"in2DMode":false,"pivot":{"x":-0.013595730066299439,"y":1.4960992336273194,"z":0.2524935007095337},"rotation":{"x":0.0983407124876976,"y":-0.6765246987342835,"z":0.09188958257436753,"w":0.7240185141563416},"size":2.339794874191284,"orthographic":false}